Group	Size	Const	Dmax	Nmin	Nmax	Nmean	Delta
[Site243;Site292]	2	no	0.376749	2.71326	3.25389	2.98357	0.262257
[Site183;Site243;Site292]	3	no	0.505933	2.67341	3.25389	2.88018	0.258474
[Site162;Site183;Site243;Site292]	4	no	0.527947	2.67341	3.37614	3.00417	0.222783
[Site162;Site183;Site243;Site292;Site165]	5	no	0.591227	2.67341	3.37614	3.00529	0.223276
[Site167;Site259]	2	yes	8.78204e-18	0.000603123	0.000603123	0.000603123	0.228339
[Site167;Site259;Site175]	3	yes	5.08074e-06	0.000452	0.000603123	0.000552749	0.228461
[Site263;Site290]	2	yes	4.54281e-17	0.000272629	0.000272629	0.000272629	0.232054
[Site271;Site300]	2	yes	-1.26852e-17	0.000304377	0.000304377	0.000304377	0.230823
[Site271;Site300;Site343]	3	yes	3.11923e-06	0.000304377	0.000352179	0.000320311	0.231063
[Site263;Site290;Site271;Site300;Site343]	5	yes	9.71842e-06	0.000272629	0.000352179	0.000301238	0.231421
[Site263;Site290;Site271;Site300;Site343;Site309]	6	yes	1.90471e-05	0.000272629	0.000447989	0.000325697	0.2314
[Site203;Site263;Site290;Site271;Site300;Site343;Site309]	7	yes	5.10082e-05	0.000134481	0.000447989	0.00029838	0.231529
[Site167;Site259;Site175;Site203;Site263;Site290;Site271;Site300;Site343;Site309]	10	yes	0.000201517	0.000134481	0.000603123	0.000374691	0.230157
[Site185;Site264]	2	yes	3.32308e-17	8.07393e-05	8.07393e-05	8.07393e-05	0.236985
[Site294;Site298]	2	yes	1.86483e-16	3.32022e-05	3.32022e-05	3.32022e-05	0.23916
[Site185;Site264;Site294;Site298]	4	yes	3.18052e-05	3.32022e-05	8.07393e-05	5.69708e-05	0.237614
[Site167;Site259;Site175;Site203;Site263;Site290;Site271;Site300;Site343;Site309;Site185;Site264;Site294;Site298]	14	yes	0.000802711	3.32022e-05	0.000603123	0.000283914	0.230568
[Site167;Site259;Site175;Site203;Site263;Site290;Site271;Site300;Site343;Site309;Site185;Site264;Site294;Site298;Site171]	15	yes	0.0037326	1.65396e-06	0.000603123	0.000265096	0.230573
[Site325;Site333]	2	no	0.00130463	1.23659	1.24147	1.23903	0.40478
[Site167;Site259;Site175;Site203;Site263;Site290;Site271;Site300;Site343;Site309;Site185;Site264;Site294;Site298;Site171;Site325;Site333]	17	yes	0.127115	1.65396e-06	1.24147	0.146002	0.404385
[Site337;Site341]	2	no	0.0562204	1.24337	1.26056	1.25197	0.373728
[Site313;Site337;Site341]	3	no	0.23054	1.24337	1.52021	1.34138	0.368923
[Site167;Site259;Site175;Site203;Site263;Site290;Site271;Site300;Site343;Site309;Site185;Site264;Site294;Site298;Site171;Site325;Site333;Site313;Site337;Site341]	20	yes	0.252398	1.65396e-06	1.52021	0.325309	0.356013
[Site307;Site338]	2	no	0.264548	1.77326	2.01343	1.89334	0.277436
[Site167;Site259;Site175;Site203;Site263;Site290;Site271;Site300;Site343;Site309;Site185;Site264;Site294;Site298;Site171;Site325;Site333;Site313;Site337;Site341;Site307;Site338]	22	yes	0.464524	1.65396e-06	2.01343	0.467858	0.27014
[Site326;Site328]	2	no	0.349562	1.95826	2.27558	2.11692	0.336879
[Site167;Site259;Site175;Site203;Site263;Site290;Site271;Site300;Site343;Site309;Site185;Site264;Site294;Site298;Site171;Site325;Site333;Site313;Site337;Site341;Site307;Site338;Site326;Site328]	24	yes	0.56242	1.65396e-06	2.27558	0.60528	0.235044
[Site167;Site259;Site175;Site203;Site263;Site290;Site271;Site300;Site343;Site309;Site185;Site264;Site294;Site298;Site171;Site325;Site333;Site313;Site337;Site341;Site307;Site338;Site326;Site328;Site317]	25	yes	0.646248	1.65396e-06	2.27558	0.65096	0.232179
[Site162;Site183;Site243;Site292;Site165;Site167;Site259;Site175;Site203;Site263;Site290;Site271;Site300;Site343;Site309;Site185;Site264;Site294;Site298;Site171;Site325;Site333;Site313;Site337;Site341;Site307;Site338;Site326;Site328;Site317]	30	yes	0.793547	1.65396e-06	3.37614	1.04335	0.125941
[Site306;Site340]	2	no	0.398014	0.98256	1.61536	1.29896	0.554383
[Site306;Site340;Site310]	3	no	0.654518	0.98256	1.87027	1.4894	0.567341
[Site162;Site183;Site243;Site292;Site165;Site167;Site259;Site175;Site203;Site263;Site290;Site271;Site300;Site343;Site309;Site185;Site264;Site294;Site298;Site171;Site325;Site333;Site313;Site337;Site341;Site307;Site338;Site326;Site328;Site317;Site306;Site340;Site310]	33	yes	0.841436	1.65396e-06	3.37614	1.0839	0.137409
[Site201;Site239]	2	no	0.517629	2.72842	2.83283	2.78063	0.332008
[Site166;Site201;Site239]	3	no	0.627583	2.72842	3.2203	2.92718	0.267502
[Site244;Site318]	2	no	0.520616	2.95869	3.72509	3.34189	0.408924
[Site166;Site201;Site239;Site244;Site318]	5	no	0.736943	2.72842	3.72509	3.09307	0.221418
[Site245;Site265]	2	no	0.575038	2.99512	3.48046	3.23779	0.413143
[Site245;Site265;Site312]	3	no	0.745762	2.99512	3.48046	3.22396	0.38276
[Site166;Site201;Site239;Site244;Site318;Site245;Site265;Site312]	8	no	0.860171	2.72842	3.72509	3.14215	0.197512
[Site162;Site183;Site243;Site292;Site165;Site167;Site259;Site175;Site203;Site263;Site290;Site271;Site300;Site343;Site309;Site185;Site264;Site294;Site298;Site171;Site325;Site333;Site313;Site337;Site341;Site307;Site338;Site326;Site328;Site317;Site306;Site340;Site310;Site166;Site201;Site239;Site244;Site318;Site245;Site265;Site312]	41	yes	0.964545	1.65396e-06	3.72509	1.48551	0.0794672
[Site295;Site352]	2	no	0.000182121	0.983904	0.992011	0.987957	0.629214
[Site295;Site352;Site320]	3	no	0.50846	0.983904	1.97617	1.31736	0.651723
[Site188;Site295;Site352;Site320]	4	no	0.654985	0.983904	2.09712	1.5123	0.658469
[Site162;Site183;Site243;Site292;Site165;Site167;Site259;Site175;Site203;Site263;Site290;Site271;Site300;Site343;Site309;Site185;Site264;Site294;Site298;Site171;Site325;Site333;Site313;Site337;Site341;Site307;Site338;Site326;Site328;Site317;Site306;Site340;Site310;Site166;Site201;Site239;Site244;Site318;Site245;Site265;Site312;Site188;Site295;Site352;Site320]	45	yes	0.983795	1.65396e-06	3.72509	1.48789	0.087196
[Site169;Site257]	2	no	0.55213	3.71909	5.18915	4.45412	0.433796
[Site303;Site315]	2	no	0.522598	3.32159	3.92939	3.62549	0.472106
[Site169;Site257;Site303;Site315]	4	no	0.63975	3.32159	5.18915	4.03981	0.374052
[Site311;Site334]	2	no	0.514232	3.29539	4.36604	3.83072	0.501124
[Site242;Site311;Site334]	3	no	0.688035	3.28665	4.36604	3.64936	0.432123
[Site169;Site257;Site303;Site315;Site242;Site311;Site334]	7	no	0.787089	3.28665	5.18915	3.87247	0.328097
[Site170;Site329]	2	no	0.469267	3.02655	4.01953	3.52304	0.416691
[Site170;Site329;Site176]	3	no	0.662506	3.02655	4.01953	3.57843	0.366314
[Site186;Site187]	2	no	0.622095	2.34358	3.80807	3.07583	0.445584
[Site323;Site324]	2	no	0.400335	3.54646	3.71425	3.63036	0.530369
[Site186;Site187;Site323;Site324]	4	no	0.793762	2.34358	3.80807	3.35309	0.386561
[Site170;Site329;Site176;Site186;Site187;Site323;Site324]	7	no	0.813709	2.34358	4.01953	3.44966	0.277728
[Site202;Site305]	2	no	0.426269	1.68739	1.8554	1.77139	0.356946
[Site202;Site305;Site346]	3	no	0.550781	1.68739	2.72808	2.09029	0.316914
[Site181;Site202;Site305;Site346]	4	no	0.741583	1.68739	4.24766	2.62963	0.334054
[Site170;Site329;Site176;Site186;Site187;Site323;Site324;Site181;Site202;Site305;Site346]	11	no	0.872125	1.68739	4.24766	3.15147	0.193876
[Site169;Site257;Site303;Site315;Site242;Site311;Site334;Site170;Site329;Site176;Site186;Site187;Site323;Site324;Site181;Site202;Site305;Site346]	18	no	0.926627	1.68739	5.18915	3.43186	0.163226
[Site266;Site342]	2	no	0.514089	1.40218	2.66655	2.03436	0.583486
[Site275;Site335]	2	no	0.606088	2.05395	4.53842	3.29618	0.4576
[Site266;Site342;Site275;Site335]	4	no	0.824552	1.40218	4.53842	2.66527	0.393763
[Site169;Site257;Site303;Site315;Site242;Site311;Site334;Site170;Site329;Site176;Site186;Site187;Site323;Site324;Site181;Site202;Site305;Site346;Site266;Site342;Site275;Site335]	22	no	0.946414	1.40218	5.18915	3.29248	0.149185
[Site162;Site183;Site243;Site292;Site165;Site167;Site259;Site175;Site203;Site263;Site290;Site271;Site300;Site343;Site309;Site185;Site264;Site294;Site298;Site171;Site325;Site333;Site313;Site337;Site341;Site307;Site338;Site326;Site328;Site317;Site306;Site340;Site310;Site166;Site201;Site239;Site244;Site318;Site245;Site265;Site312;Site188;Site295;Site352;Site320;Site169;Site257;Site303;Site315;Site242;Site311;Site334;Site170;Site329;Site176;Site186;Site187;Site323;Site324;Site181;Site202;Site305;Site346;Site266;Site342;Site275;Site335]	67	yes	0.993345	1.65396e-06	5.18915	2.08044	0.0363929
[Site163;Site254]	2	no	0.263384	1.02466	1.54971	1.28719	0.277384
[Site163;Site254;Site241]	3	no	0.507087	1.02466	1.54971	1.3477	0.275019
[Site163;Site254;Site241;Site308]	4	no	0.659712	1.02466	2.17247	1.55389	0.310586
[Site199;Site267]	2	no	5.47779e-06	0.984475	0.986151	0.985313	0.606793
[Site199;Site267;Site256]	3	no	3.99691e-05	0.984475	0.988983	0.986536	0.608012
[Site199;Site267;Site256;Site350]	4	no	0.297222	0.984475	1.40932	1.09223	0.602874
[Site199;Site267;Site256;Site350;Site255]	5	no	0.509895	0.984475	1.40932	1.15495	0.589117
[Site163;Site254;Site241;Site308;Site199;Site267;Site256;Site350;Site255]	9	no	0.7337	0.984475	2.17247	1.33226	0.386011
[Site197;Site332]	2	no	0.00103193	0.961484	0.996505	0.978994	0.705676
[Site197;Site332;Site289]	3	no	0.456973	0.961484	1.59284	1.18361	0.574016
[Site249;Site279]	2	no	0.282149	1.9014	2.70485	2.30313	0.332033
[Site249;Site279;Site250]	3	no	0.573642	1.9014	2.70485	2.30423	0.331113
[Site261;Site344]	2	no	0.611628	2.61663	2.61912	2.61787	0.501001
[Site249;Site279;Site250;Site261;Site344]	5	no	0.712229	1.9014	2.70485	2.42969	0.316375
[Site197;Site332;Site289;Site249;Site279;Site250;Site261;Site344]	8	no	0.936246	0.961484	2.70485	1.96241	0.279102
[Site163;Site254;Site241;Site308;Site199;Site267;Site256;Site350;Site255;Site197;Site332;Site289;Site249;Site279;Site250;Site261;Site344]	17	no	0.991129	0.961484	2.70485	1.6288	0.241396
[Site162;Site183;Site243;Site292;Site165;Site167;Site259;Site175;Site203;Site263;Site290;Site271;Site300;Site343;Site309;Site185;Site264;Site294;Site298;Site171;Site325;Site333;Site313;Site337;Site341;Site307;Site338;Site326;Site328;Site317;Site306;Site340;Site310;Site166;Site201;Site239;Site244;Site318;Site245;Site265;Site312;Site188;Site295;Site352;Site320;Site169;Site257;Site303;Site315;Site242;Site311;Site334;Site170;Site329;Site176;Site186;Site187;Site323;Site324;Site181;Site202;Site305;Site346;Site266;Site342;Site275;Site335;Site163;Site254;Site241;Site308;Site199;Site267;Site256;Site350;Site255;Site197;Site332;Site289;Site249;Site279;Site250;Site261;Site344]	84	yes	1.01289	1.65396e-06	5.18915	1.98904	0.0233887
[Site164;Site238]	2	no	0.302604	1.60446	2.10574	1.8551	0.546001
[Site164;Site238;Site331]	3	no	0.73427	1.60446	4.40104	2.70375	0.450994
[Site173;Site184]	2	no	0.381544	2.09798	2.66184	2.37991	0.438211
[Site164;Site238;Site331;Site173;Site184]	5	no	0.767054	1.60446	4.40104	2.57421	0.349945
[Site164;Site238;Site331;Site173;Site184;Site354]	6	no	0.850411	1.60446	4.40104	2.60413	0.352393
[Site182;Site273]	2	no	0.735933	1.70554	4.59687	3.1512	0.626428
[Site164;Site238;Site331;Site173;Site184;Site354;Site182;Site273]	8	no	0.883404	1.60446	4.59687	2.7409	0.34421
[Site196;Site339]	2	no	0.436585	1.7126	2.56746	2.14003	0.478169
[Site336;Site345]	2	no	0.323004	1.42477	1.60495	1.51486	0.457423
[Site196;Site339;Site336;Site345]	4	no	0.658811	1.42477	2.56746	1.82745	0.417061
[Site304;Site347]	2	no	0.490991	2.09601	3.23653	2.66627	0.357354
[Site196;Site339;Site336;Site345;Site304;Site347]	6	no	0.692585	1.42477	3.23653	2.10706	0.327864
[Site164;Site238;Site331;Site173;Site184;Site354;Site182;Site273;Site196;Site339;Site336;Site345;Site304;Site347]	14	no	1.00873	1.42477	4.59687	2.46925	0.255958
[Site162;Site183;Site243;Site292;Site165;Site167;Site259;Site175;Site203;Site263;Site290;Site271;Site300;Site343;Site309;Site185;Site264;Site294;Site298;Site171;Site325;Site333;Site313;Site337;Site341;Site307;Site338;Site326;Site328;Site317;Site306;Site340;Site310;Site166;Site201;Site239;Site244;Site318;Site245;Site265;Site312;Site188;Site295;Site352;Site320;Site169;Site257;Site303;Site315;Site242;Site311;Site334;Site170;Site329;Site176;Site186;Site187;Site323;Site324;Site181;Site202;Site305;Site346;Site266;Site342;Site275;Site335;Site163;Site254;Site241;Site308;Site199;Site267;Site256;Site350;Site255;Site197;Site332;Site289;Site249;Site279;Site250;Site261;Site344;Site164;Site238;Site331;Site173;Site184;Site354;Site182;Site273;Site196;Site339;Site336;Site345;Site304;Site347]	98	yes	1.05687	1.65396e-06	5.18915	2.05764	0.0164828
[Site168;Site192]	2	no	0.29329	0.99537	1.40744	1.20141	0.715243
[Site293;Site351]	2	no	0.383657	1.46659	2.15696	1.81177	0.424743
[Site168;Site192;Site293;Site351]	4	no	0.542877	0.99537	2.15696	1.50659	0.502393
[Site296;Site297]	2	no	0.409674	2.13383	2.37434	2.25409	0.546471
[Site168;Site192;Site293;Site351;Site296;Site297]	6	no	0.670635	0.99537	2.37434	1.75576	0.456227
[Site302;Site327]	2	no	0.72087	1.68328	1.96596	1.82462	0.828605
[Site168;Site192;Site293;Site351;Site296;Site297;Site302;Site327]	8	no	1.01332	0.99537	2.37434	1.77297	0.468315
[Site172;Site278]	2	no	0.373662	2.26827	2.28859	2.27843	0.506764
[Site172;Site278;Site252]	3	no	0.47378	2.26827	2.34991	2.30226	0.428707
[Site172;Site278;Site252;Site251]	4	no	0.641508	2.26827	2.42139	2.33204	0.424819
[Site246;Site274]	2	no	0.411443	0.998545	1.68323	1.34089	0.742823
[Site172;Site278;Site252;Site251;Site246;Site274]	6	no	0.739777	0.998545	2.42139	2.00166	0.446444
[Site193;Site260]	2	no	1.73253e-07	0.999506	0.999774	0.99964	0.839242
[Site177;Site193;Site260]	3	no	0.288871	0.999506	1.40269	1.13399	0.83249
[Site177;Site193;Site260;Site353]	4	no	0.50131	0.999506	1.41364	1.2039	0.83398
[Site177;Site193;Site260;Site353;Site189]	5	no	0.64079	0.999506	1.50251	1.26362	0.808768
[Site276;Site314]	2	no	0.658658	0.999458	2.87497	1.93722	0.797147
[Site276;Site314;Site316]	3	no	1.00513	0.999458	2.87497	1.62478	0.823738
[Site177;Site193;Site260;Site353;Site189;Site276;Site314;Site316]	8	no	1.01142	0.999458	2.87497	1.39906	0.74886
[Site172;Site278;Site252;Site251;Site246;Site274;Site177;Site193;Site260;Site353;Site189;Site276;Site314;Site316]	14	no	1.01437	0.998545	2.87497	1.65731	0.492135
[Site168;Site192;Site293;Site351;Site296;Site297;Site302;Site327;Site172;Site278;Site252;Site251;Site246;Site274;Site177;Site193;Site260;Site353;Site189;Site276;Site314;Site316]	22	no	1.02567	0.99537	2.87497	1.69937	0.358616
[Site190;Site198]	2	no	0.411879	1.39195	2.35729	1.87462	0.586164
[Site190;Site198;Site253]	3	no	0.49024	1.39195	2.35729	1.93011	0.501106
[Site190;Site198;Site253;Site280]	4	no	0.798588	1.39195	3.23012	2.25512	0.447172
[Site194;Site204]	2	no	0.604651	2.57278	3.41048	2.99163	0.507945
[Site200;Site291]	2	no	0.461884	1.412	2.59466	2.00333	0.647999
[Site200;Site291;Site301]	3	no	0.499187	1.39958	2.59466	1.80208	0.668358
[Site247;Site272]	2	no	0.38396	2.20076	2.39277	2.29677	0.431156
[Site200;Site291;Site301;Site247;Site272]	5	no	0.725709	1.39958	2.59466	1.99995	0.47142
[Site194;Site204;Site200;Site291;Site301;Site247;Site272]	7	no	0.808641	1.39958	3.41048	2.28329	0.401486
[Site190;Site198;Site253;Site280;Site194;Site204;Site200;Site291;Site301;Site247;Site272]	11	no	1.02793	1.39195	3.41048	2.27305	0.279262
[Site168;Site192;Site293;Site351;Site296;Site297;Site302;Site327;Site172;Site278;Site252;Site251;Site246;Site274;Site177;Site193;Site260;Site353;Site189;Site276;Site314;Site316;Site190;Site198;Site253;Site280;Site194;Site204;Site200;Site291;Site301;Site247;Site272]	33	no	1.02956	0.99537	3.41048	1.8906	0.173386
[Site174;Site348]	2	no	0.500572	1	1.98718	1.49359	1.02567
[Site237;Site258]	2	no	1.00735	0.993288	1.41366	1.20347	0.941383
[Site330;Site349]	2	no	0.427044	0.996729	1.72968	1.3632	0.949135
[Site237;Site258;Site330;Site349]	4	no	1.0127	0.993288	1.72968	1.28334	0.924104
[Site205;Site237;Site258;Site330;Site349]	5	no	1.01583	0.993288	1.72968	1.37091	0.933265
[Site174;Site348;Site205;Site237;Site258;Site330;Site349]	7	no	1.01862	0.993288	1.98718	1.40596	0.962381
[Site168;Site192;Site293;Site351;Site296;Site297;Site302;Site327;Site172;Site278;Site252;Site251;Site246;Site274;Site177;Site193;Site260;Site353;Site189;Site276;Site314;Site316;Site190;Site198;Site253;Site280;Site194;Site204;Site200;Site291;Site301;Site247;Site272;Site174;Site348;Site205;Site237;Site258;Site330;Site349]	40	no	1.03824	0.993288	3.41048	1.80579	0.170666
[Site191;Site319]	2	no	0.638631	1.9997	2.64235	2.32103	0.831531
[Site195;Site248]	2	no	0.570052	3.39363	4.38298	3.88831	0.402869
[Site277;Site288]	2	no	0.679976	2.9253	2.98282	2.95406	0.673102
[Site195;Site248;Site277;Site288]	4	no	0.76814	2.9253	4.38298	3.42118	0.421121
[Site191;Site319;Site195;Site248;Site277;Site288]	6	no	0.916163	1.9997	4.38298	3.05446	0.456189
[Site168;Site192;Site293;Site351;Site296;Site297;Site302;Site327;Site172;Site278;Site252;Site251;Site246;Site274;Site177;Site193;Site260;Site353;Site189;Site276;Site314;Site316;Site190;Site198;Site253;Site280;Site194;Site204;Site200;Site291;Site301;Site247;Site272;Site174;Site348;Site205;Site237;Site258;Site330;Site349;Site191;Site319;Site195;Site248;Site277;Site288]	46	no	1.05765	0.993288	4.38298	1.96866	0.155801
[Site162;Site183;Site243;Site292;Site165;Site167;Site259;Site175;Site203;Site263;Site290;Site271;Site300;Site343;Site309;Site185;Site264;Site294;Site298;Site171;Site325;Site333;Site313;Site337;Site341;Site307;Site338;Site326;Site328;Site317;Site306;Site340;Site310;Site166;Site201;Site239;Site244;Site318;Site245;Site265;Site312;Site188;Site295;Site352;Site320;Site169;Site257;Site303;Site315;Site242;Site311;Site334;Site170;Site329;Site176;Site186;Site187;Site323;Site324;Site181;Site202;Site305;Site346;Site266;Site342;Site275;Site335;Site163;Site254;Site241;Site308;Site199;Site267;Site256;Site350;Site255;Site197;Site332;Site289;Site249;Site279;Site250;Site261;Site344;Site164;Site238;Site331;Site173;Site184;Site354;Site182;Site273;Site196;Site339;Site336;Site345;Site304;Site347;Site168;Site192;Site293;Site351;Site296;Site297;Site302;Site327;Site172;Site278;Site252;Site251;Site246;Site274;Site177;Site193;Site260;Site353;Site189;Site276;Site314;Site316;Site190;Site198;Site253;Site280;Site194;Site204;Site200;Site291;Site301;Site247;Site272;Site174;Site348;Site205;Site237;Site258;Site330;Site349;Site191;Site319;Site195;Site248;Site277;Site288]	144	yes	1.07588	1.65396e-06	5.18915	2.02921	5.93872e-16
