Group	Size	Const	Dmax	Norm	DFMV
[Site23;Site36]	2	no	0.53542	2.43205	0.716158
[Site254;Site272]	2	no	0.55125	0.999358	0.864655
[Site23;Site36;Site254;Site272]	4	no	0.75641	0.999358	0.73276
[Site47;Site396]	2	no	0.611984	3.56856	0.779183
[Site23;Site36;Site254;Site272;Site47;Site396]	6	no	0.843717	0.999358	0.70705
[Site240;Site433]	2	no	0.380615	1.41367	0.592002
[Site398;Site450]	2	no	0.341824	1.72764	0.814299
[Site398;Site450;Site416]	3	no	0.605374	1.4132	0.809895
[Site240;Site433;Site398;Site450;Site416]	5	no	0.742786	1.4132	0.662519
[Site23;Site36;Site254;Site272;Site47;Site396;Site240;Site433;Site398;Site450;Site416]	11	no	1.02876	0.999358	0.636464
[Site195;Site276]	2	no	0.662008	2.54414	0.823747
[Site392;Site401]	2	no	0.536005	1.73191	0.678475
[Site195;Site276;Site392;Site401]	4	no	0.848437	1.73191	0.696425
[Site23;Site36;Site254;Site272;Site47;Site396;Site240;Site433;Site398;Site450;Site416;Site195;Site276;Site392;Site401]	15	no	1.06951	0.999358	0.57476
[Site79;Site352]	2	no	0.553787	2.62276	0.795932
[Site109;Site110]	2	no	0.25228	2.93334	0.787993
[Site109;Site110;Site116]	3	no	0.491629	2.93334	0.800741
[Site79;Site352;Site109;Site110;Site116]	5	no	0.87949	2.62276	0.752724
[Site23;Site36;Site254;Site272;Site47;Site396;Site240;Site433;Site398;Site450;Site416;Site195;Site276;Site392;Site401;Site79;Site352;Site109;Site110;Site116]	20	no	1.08805	0.999358	0.549541
[Site28;Site168]	2	yes	1.94181e-16	2.69882e-07	0.738171
[Site28;Site168;Site174]	3	yes	1.94181e-16	2.69882e-07	0.738171
[Site28;Site168;Site174;Site199]	4	yes	1.94181e-16	2.69882e-07	0.738171
[Site28;Site168;Site174;Site199;Site307]	5	yes	1.94181e-16	2.69882e-07	0.738171
[Site28;Site168;Site174;Site199;Site307;Site330]	6	yes	1.94181e-16	2.69882e-07	0.738171
[Site28;Site168;Site174;Site199;Site307;Site330;Site377]	7	yes	1.94181e-16	2.69882e-07	0.738171
[Site61;Site74]	2	yes	2.82055e-16	4.10942e-07	0.737829
[Site61;Site74;Site103]	3	yes	2.82055e-16	4.10942e-07	0.737829
[Site61;Site74;Site103;Site145]	4	yes	2.82055e-16	4.10942e-07	0.737829
[Site61;Site74;Site103;Site145;Site179]	5	yes	2.82055e-16	4.10942e-07	0.737829
[Site61;Site74;Site103;Site145;Site179;Site202]	6	yes	2.82055e-16	4.10942e-07	0.737829
[Site61;Site74;Site103;Site145;Site179;Site202;Site235]	7	yes	2.82055e-16	4.10942e-07	0.737829
[Site61;Site74;Site103;Site145;Site179;Site202;Site235;Site239]	8	yes	2.82055e-16	4.10942e-07	0.737829
[Site61;Site74;Site103;Site145;Site179;Site202;Site235;Site239;Site319]	9	yes	2.82055e-16	4.10942e-07	0.737829
[Site61;Site74;Site103;Site145;Site179;Site202;Site235;Site239;Site319;Site337]	10	yes	2.82055e-16	4.10942e-07	0.737829
[Site61;Site74;Site103;Site145;Site179;Site202;Site235;Site239;Site319;Site337;Site354]	11	yes	2.82055e-16	4.10942e-07	0.737829
[Site61;Site74;Site103;Site145;Site179;Site202;Site235;Site239;Site319;Site337;Site354;Site367]	12	yes	2.82055e-16	4.10942e-07	0.737829
[Site61;Site74;Site103;Site145;Site179;Site202;Site235;Site239;Site319;Site337;Site354;Site367;Site417]	13	yes	2.82055e-16	4.10942e-07	0.737829
[Site61;Site74;Site103;Site145;Site179;Site202;Site235;Site239;Site319;Site337;Site354;Site367;Site417;Site419]	14	yes	2.82055e-16	4.10942e-07	0.737829
[Site28;Site168;Site174;Site199;Site307;Site330;Site377;Site61;Site74;Site103;Site145;Site179;Site202;Site235;Site239;Site319;Site337;Site354;Site367;Site417;Site419]	21	yes	6.57915e-07	2.69882e-07	0.737914
[Site72;Site206]	2	yes	1.51843e-16	7.27439e-07	0.73786
[Site72;Site206;Site253]	3	yes	1.51843e-16	7.27439e-07	0.73786
[Site72;Site206;Site253;Site267]	4	yes	1.51843e-16	7.27439e-07	0.73786
[Site72;Site206;Site253;Site267;Site277]	5	yes	1.51843e-16	7.27439e-07	0.73786
[Site72;Site206;Site253;Site267;Site277;Site323]	6	yes	1.51843e-16	7.27439e-07	0.73786
[Site72;Site206;Site253;Site267;Site277;Site323;Site444]	7	yes	1.51843e-16	7.27439e-07	0.73786
[Site28;Site168;Site174;Site199;Site307;Site330;Site377;Site61;Site74;Site103;Site145;Site179;Site202;Site235;Site239;Site319;Site337;Site354;Site367;Site417;Site419;Site72;Site206;Site253;Site267;Site277;Site323;Site444]	28	yes	9.83172e-06	2.69882e-07	0.737891
[Site51;Site73]	2	yes	-3.94216e-16	1.33779e-06	0.736031
[Site51;Site73;Site105]	3	yes	-3.94216e-16	1.33779e-06	0.736031
[Site51;Site73;Site105;Site112]	4	yes	-3.94216e-16	1.33779e-06	0.736031
[Site51;Site73;Site105;Site112;Site141]	5	yes	-3.94216e-16	1.33779e-06	0.736031
[Site51;Site73;Site105;Site112;Site141;Site142]	6	yes	-3.94216e-16	1.33779e-06	0.736031
[Site51;Site73;Site105;Site112;Site141;Site142;Site161]	7	yes	-3.94216e-16	1.33779e-06	0.736031
[Site51;Site73;Site105;Site112;Site141;Site142;Site161;Site172]	8	yes	-3.94216e-16	1.33779e-06	0.736031
[Site51;Site73;Site105;Site112;Site141;Site142;Site161;Site172;Site173]	9	yes	-3.94216e-16	1.33779e-06	0.736031
[Site51;Site73;Site105;Site112;Site141;Site142;Site161;Site172;Site173;Site178]	10	yes	-3.94216e-16	1.33779e-06	0.736031
[Site51;Site73;Site105;Site112;Site141;Site142;Site161;Site172;Site173;Site178;Site190]	11	yes	-3.94216e-16	1.33779e-06	0.736031
[Site51;Site73;Site105;Site112;Site141;Site142;Site161;Site172;Site173;Site178;Site190;Site208]	12	yes	-3.94216e-16	1.33779e-06	0.736031
[Site51;Site73;Site105;Site112;Site141;Site142;Site161;Site172;Site173;Site178;Site190;Site208;Site361]	13	yes	-3.94216e-16	1.33779e-06	0.736031
[Site51;Site73;Site105;Site112;Site141;Site142;Site161;Site172;Site173;Site178;Site190;Site208;Site361;Site443]	14	yes	-3.94216e-16	1.33779e-06	0.736031
[Site198;Site313]	2	yes	-1.6198e-16	1.50597e-06	0.735777
[Site198;Site313;Site412]	3	yes	-1.6198e-16	1.50597e-06	0.735777
[Site198;Site313;Site412;Site451]	4	yes	-1.6198e-16	1.50597e-06	0.735777
[Site51;Site73;Site105;Site112;Site141;Site142;Site161;Site172;Site173;Site178;Site190;Site208;Site361;Site443;Site198;Site313;Site412;Site451]	18	yes	7.50745e-07	1.33779e-06	0.735969
[Site45;Site51;Site73;Site105;Site112;Site141;Site142;Site161;Site172;Site173;Site178;Site190;Site208;Site361;Site443;Site198;Site313;Site412;Site451]	19	yes	3.0165e-06	1.33779e-06	0.735933
[Site78;Site177]	2	yes	1.37965e-16	1.45128e-06	0.735861
[Site45;Site51;Site73;Site105;Site112;Site141;Site142;Site161;Site172;Site173;Site178;Site190;Site208;Site361;Site443;Site198;Site313;Site412;Site451;Site78;Site177]	21	yes	5.6719e-06	1.33779e-06	0.735925
[Site58;Site62]	2	yes	-2.10227e-16	6.63889e-07	0.736588
[Site58;Site62;Site63]	3	yes	-2.10227e-16	6.63889e-07	0.736588
[Site58;Site62;Site63;Site147]	4	yes	-2.10227e-16	6.63889e-07	0.736588
[Site58;Site62;Site63;Site147;Site165]	5	yes	-2.10227e-16	6.63889e-07	0.736588
[Site58;Site62;Site63;Site147;Site165;Site269]	6	yes	-2.10227e-16	6.63889e-07	0.736588
[Site58;Site62;Site63;Site147;Site165;Site269;Site338]	7	yes	-2.10227e-16	6.63889e-07	0.736588
[Site58;Site62;Site63;Site147;Site165;Site269;Site338;Site368]	8	yes	-2.10227e-16	6.63889e-07	0.736588
[Site58;Site62;Site63;Site147;Site165;Site269;Site338;Site368;Site408]	9	yes	-2.10227e-16	6.63889e-07	0.736588
[Site45;Site51;Site73;Site105;Site112;Site141;Site142;Site161;Site172;Site173;Site178;Site190;Site208;Site361;Site443;Site198;Site313;Site412;Site451;Site78;Site177;Site58;Site62;Site63;Site147;Site165;Site269;Site338;Site368;Site408]	30	yes	1.0717e-05	6.63889e-07	0.736038
[Site140;Site217]	2	yes	7.1991e-17	2.10526e-06	0.735251
[Site384;Site445]	2	yes	6.12574e-18	2.38643e-06	0.734648
[Site140;Site217;Site384;Site445]	4	yes	2.47338e-06	2.10526e-06	0.734931
[Site45;Site51;Site73;Site105;Site112;Site141;Site142;Site161;Site172;Site173;Site178;Site190;Site208;Site361;Site443;Site198;Site313;Site412;Site451;Site78;Site177;Site58;Site62;Site63;Site147;Site165;Site269;Site338;Site368;Site408;Site140;Site217;Site384;Site445]	34	yes	3.23616e-05	6.63889e-07	0.735813
[Site28;Site168;Site174;Site199;Site307;Site330;Site377;Site61;Site74;Site103;Site145;Site179;Site202;Site235;Site239;Site319;Site337;Site354;Site367;Site417;Site419;Site72;Site206;Site253;Site267;Site277;Site323;Site444;Site45;Site51;Site73;Site105;Site112;Site141;Site142;Site161;Site172;Site173;Site178;Site190;Site208;Site361;Site443;Site198;Site313;Site412;Site451;Site78;Site177;Site58;Site62;Site63;Site147;Site165;Site269;Site338;Site368;Site408;Site140;Site217;Site384;Site445]	62	yes	7.77142e-05	2.69882e-07	0.736276
[Site50;Site128]	2	yes	3.70797e-17	5.04295e-07	0.736146
[Site50;Site128;Site169]	3	yes	3.70797e-17	5.04295e-07	0.736146
[Site50;Site128;Site169;Site171]	4	yes	3.70797e-17	5.04295e-07	0.736146
[Site50;Site128;Site169;Site171;Site328]	5	yes	3.70797e-17	5.04295e-07	0.736146
[Site50;Site128;Site169;Site171;Site328;Site359]	6	yes	3.70797e-17	5.04295e-07	0.736146
[Site50;Site128;Site169;Site171;Site328;Site359;Site406]	7	yes	3.70797e-17	5.04295e-07	0.736146
[Site53;Site200]	2	yes	-1.46367e-16	5.98974e-07	0.735721
[Site50;Site128;Site169;Site171;Site328;Site359;Site406;Site53;Site200]	9	yes	1.68437e-06	5.04295e-07	0.736038
[Site93;Site111]	2	yes	1.18666e-16	3.54407e-07	0.736851
[Site93;Site111;Site144]	3	yes	1.18666e-16	3.54407e-07	0.736851
[Site93;Site111;Site144;Site146]	4	yes	1.18666e-16	3.54407e-07	0.736851
[Site93;Site111;Site144;Site146;Site187]	5	yes	1.18666e-16	3.54407e-07	0.736851
[Site93;Site111;Site144;Site146;Site187;Site257]	6	yes	1.18666e-16	3.54407e-07	0.736851
[Site93;Site111;Site144;Site146;Site187;Site257;Site261]	7	yes	1.18666e-16	3.54407e-07	0.736851
[Site93;Site111;Site144;Site146;Site187;Site257;Site261;Site404]	8	yes	1.18666e-16	3.54407e-07	0.736851
[Site93;Site111;Site144;Site146;Site187;Site257;Site261;Site404;Site415]	9	yes	1.18666e-16	3.54407e-07	0.736851
[Site50;Site128;Site169;Site171;Site328;Site359;Site406;Site53;Site200;Site93;Site111;Site144;Site146;Site187;Site257;Site261;Site404;Site415]	18	yes	1.01953e-05	3.54407e-07	0.736365
[Site92;Site139]	2	yes	-6.25585e-17	7.5941e-07	0.735891
[Site92;Site139;Site382]	3	yes	-6.25585e-17	7.5941e-07	0.735891
[Site92;Site139;Site382;Site409]	4	yes	-6.25585e-17	7.5941e-07	0.735891
[Site94;Site150]	2	yes	-1.32381e-16	8.47848e-07	0.73561
[Site94;Site150;Site188]	3	yes	-1.32381e-16	8.47848e-07	0.73561
[Site94;Site150;Site188;Site233]	4	yes	-1.32381e-16	8.47848e-07	0.73561
[Site94;Site150;Site188;Site233;Site290]	5	yes	-1.32381e-16	8.47848e-07	0.73561
[Site94;Site150;Site188;Site233;Site290;Site357]	6	yes	-1.32381e-16	8.47848e-07	0.73561
[Site94;Site150;Site188;Site233;Site290;Site357;Site386]	7	yes	-1.32381e-16	8.47848e-07	0.73561
[Site94;Site150;Site188;Site233;Site290;Site357;Site386;Site431]	8	yes	-1.32381e-16	8.47848e-07	0.73561
[Site92;Site139;Site382;Site409;Site94;Site150;Site188;Site233;Site290;Site357;Site386;Site431]	12	yes	2.93633e-06	7.5941e-07	0.735697
[Site50;Site128;Site169;Site171;Site328;Site359;Site406;Site53;Site200;Site93;Site111;Site144;Site146;Site187;Site257;Site261;Site404;Site415;Site92;Site139;Site382;Site409;Site94;Site150;Site188;Site233;Site290;Site357;Site386;Site431]	30	yes	1.36211e-05	3.54407e-07	0.735995
[Site50;Site128;Site169;Site171;Site328;Site359;Site406;Site53;Site200;Site93;Site111;Site144;Site146;Site187;Site257;Site261;Site404;Site415;Site92;Site139;Site382;Site409;Site94;Site150;Site188;Site233;Site290;Site357;Site386;Site431;Site176]	31	yes	5.46964e-05	9.54962e-08	0.735996
[Site28;Site168;Site174;Site199;Site307;Site330;Site377;Site61;Site74;Site103;Site145;Site179;Site202;Site235;Site239;Site319;Site337;Site354;Site367;Site417;Site419;Site72;Site206;Site253;Site267;Site277;Site323;Site444;Site45;Site51;Site73;Site105;Site112;Site141;Site142;Site161;Site172;Site173;Site178;Site190;Site208;Site361;Site443;Site198;Site313;Site412;Site451;Site78;Site177;Site58;Site62;Site63;Site147;Site165;Site269;Site338;Site368;Site408;Site140;Site217;Site384;Site445;Site50;Site128;Site169;Site171;Site328;Site359;Site406;Site53;Site200;Site93;Site111;Site144;Site146;Site187;Site257;Site261;Site404;Site415;Site92;Site139;Site382;Site409;Site94;Site150;Site188;Site233;Site290;Site357;Site386;Site431;Site176]	93	yes	0.000176873	9.54962e-08	0.736208
[Site71;Site90]	2	yes	1.06957e-16	1.11632e-08	0.740821
[Site71;Site90;Site123]	3	yes	1.06957e-16	1.11632e-08	0.740821
[Site71;Site90;Site123;Site162]	4	yes	1.06957e-16	1.11632e-08	0.740821
[Site71;Site90;Site123;Site162;Site193]	5	yes	1.06957e-16	1.11632e-08	0.740821
[Site71;Site90;Site123;Site162;Site193;Site237]	6	yes	1.06957e-16	1.11632e-08	0.740821
[Site71;Site90;Site123;Site162;Site193;Site237;Site300]	7	yes	1.06957e-16	1.11632e-08	0.740821
[Site71;Site90;Site123;Site162;Site193;Site237;Site300;Site304]	8	yes	1.06957e-16	1.11632e-08	0.740821
[Site71;Site90;Site123;Site162;Site193;Site237;Site300;Site304;Site346]	9	yes	1.06957e-16	1.11632e-08	0.740821
[Site312;Site318]	2	yes	6.47811e-17	3.67655e-08	0.739713
[Site312;Site318;Site324]	3	yes	6.47811e-17	3.67655e-08	0.739713
[Site312;Site318;Site324;Site332]	4	yes	6.47811e-17	3.67655e-08	0.739713
[Site312;Site318;Site324;Site332;Site334]	5	yes	6.47811e-17	3.67655e-08	0.739713
[Site312;Site318;Site324;Site332;Site334;Site355]	6	yes	6.47811e-17	3.67655e-08	0.739713
[Site312;Site318;Site324;Site332;Site334;Site355;Site363]	7	yes	6.47811e-17	3.67655e-08	0.739713
[Site312;Site318;Site324;Site332;Site334;Site355;Site363;Site395]	8	yes	6.47811e-17	3.67655e-08	0.739713
[Site312;Site318;Site324;Site332;Site334;Site355;Site363;Site395;Site399]	9	yes	6.47811e-17	3.67655e-08	0.739713
[Site312;Site318;Site324;Site332;Site334;Site355;Site363;Site395;Site399;Site403]	10	yes	6.47811e-17	3.67655e-08	0.739713
[Site312;Site318;Site324;Site332;Site334;Site355;Site363;Site395;Site399;Site403;Site405]	11	yes	6.47811e-17	3.67655e-08	0.739713
[Site312;Site318;Site324;Site332;Site334;Site355;Site363;Site395;Site399;Site403;Site405;Site420]	12	yes	6.47811e-17	3.67655e-08	0.739713
[Site71;Site90;Site123;Site162;Site193;Site237;Site300;Site304;Site346;Site312;Site318;Site324;Site332;Site334;Site355;Site363;Site395;Site399;Site403;Site405;Site420]	21	yes	2.0503e-05	1.11632e-08	0.739917
[Site28;Site168;Site174;Site199;Site307;Site330;Site377;Site61;Site74;Site103;Site145;Site179;Site202;Site235;Site239;Site319;Site337;Site354;Site367;Site417;Site419;Site72;Site206;Site253;Site267;Site277;Site323;Site444;Site45;Site51;Site73;Site105;Site112;Site141;Site142;Site161;Site172;Site173;Site178;Site190;Site208;Site361;Site443;Site198;Site313;Site412;Site451;Site78;Site177;Site58;Site62;Site63;Site147;Site165;Site269;Site338;Site368;Site408;Site140;Site217;Site384;Site445;Site50;Site128;Site169;Site171;Site328;Site359;Site406;Site53;Site200;Site93;Site111;Site144;Site146;Site187;Site257;Site261;Site404;Site415;Site92;Site139;Site382;Site409;Site94;Site150;Site188;Site233;Site290;Site357;Site386;Site431;Site176;Site71;Site90;Site123;Site162;Site193;Site237;Site300;Site304;Site346;Site312;Site318;Site324;Site332;Site334;Site355;Site363;Site395;Site399;Site403;Site405;Site420]	114	yes	0.000319867	1.11632e-08	0.736235
[Site28;Site168;Site174;Site199;Site307;Site330;Site377;Site61;Site74;Site103;Site145;Site179;Site202;Site235;Site239;Site319;Site337;Site354;Site367;Site417;Site419;Site72;Site206;Site253;Site267;Site277;Site323;Site444;Site45;Site51;Site73;Site105;Site112;Site141;Site142;Site161;Site172;Site173;Site178;Site190;Site208;Site361;Site443;Site198;Site313;Site412;Site451;Site78;Site177;Site58;Site62;Site63;Site147;Site165;Site269;Site338;Site368;Site408;Site140;Site217;Site384;Site445;Site50;Site128;Site169;Site171;Site328;Site359;Site406;Site53;Site200;Site93;Site111;Site144;Site146;Site187;Site257;Site261;Site404;Site415;Site92;Site139;Site382;Site409;Site94;Site150;Site188;Site233;Site290;Site357;Site386;Site431;Site176;Site71;Site90;Site123;Site162;Site193;Site237;Site300;Site304;Site346;Site312;Site318;Site324;Site332;Site334;Site355;Site363;Site395;Site399;Site403;Site405;Site420;Site42]	115	yes	0.513851	1.11632e-08	0.943947
[Site106;Site315]	2	no	0.30106	0.989044	0.696477
[Site106;Site315;Site378]	3	no	0.687692	0.989044	0.603048
[Site426;Site428]	2	no	0.502555	3.74703	0.661871
[Site106;Site315;Site378;Site426;Site428]	5	no	0.821029	0.989044	0.559641
[Site28;Site168;Site174;Site199;Site307;Site330;Site377;Site61;Site74;Site103;Site145;Site179;Site202;Site235;Site239;Site319;Site337;Site354;Site367;Site417;Site419;Site72;Site206;Site253;Site267;Site277;Site323;Site444;Site45;Site51;Site73;Site105;Site112;Site141;Site142;Site161;Site172;Site173;Site178;Site190;Site208;Site361;Site443;Site198;Site313;Site412;Site451;Site78;Site177;Site58;Site62;Site63;Site147;Site165;Site269;Site338;Site368;Site408;Site140;Site217;Site384;Site445;Site50;Site128;Site169;Site171;Site328;Site359;Site406;Site53;Site200;Site93;Site111;Site144;Site146;Site187;Site257;Site261;Site404;Site415;Site92;Site139;Site382;Site409;Site94;Site150;Site188;Site233;Site290;Site357;Site386;Site431;Site176;Site71;Site90;Site123;Site162;Site193;Site237;Site300;Site304;Site346;Site312;Site318;Site324;Site332;Site334;Site355;Site363;Site395;Site399;Site403;Site405;Site420;Site42;Site106;Site315;Site378;Site426;Site428]	120	yes	0.925437	1.11632e-08	0.579301
[Site157;Site372]	2	no	0.459276	1.95484	0.557057
[Site157;Site372;Site344]	3	no	0.745101	1.95484	0.586168
[Site264;Site447]	2	no	0.186275	1.4092	0.895878
[Site157;Site372;Site344;Site264;Site447]	5	no	0.875965	1.4092	0.625594
[Site28;Site168;Site174;Site199;Site307;Site330;Site377;Site61;Site74;Site103;Site145;Site179;Site202;Site235;Site239;Site319;Site337;Site354;Site367;Site417;Site419;Site72;Site206;Site253;Site267;Site277;Site323;Site444;Site45;Site51;Site73;Site105;Site112;Site141;Site142;Site161;Site172;Site173;Site178;Site190;Site208;Site361;Site443;Site198;Site313;Site412;Site451;Site78;Site177;Site58;Site62;Site63;Site147;Site165;Site269;Site338;Site368;Site408;Site140;Site217;Site384;Site445;Site50;Site128;Site169;Site171;Site328;Site359;Site406;Site53;Site200;Site93;Site111;Site144;Site146;Site187;Site257;Site261;Site404;Site415;Site92;Site139;Site382;Site409;Site94;Site150;Site188;Site233;Site290;Site357;Site386;Site431;Site176;Site71;Site90;Site123;Site162;Site193;Site237;Site300;Site304;Site346;Site312;Site318;Site324;Site332;Site334;Site355;Site363;Site395;Site399;Site403;Site405;Site420;Site42;Site106;Site315;Site378;Site426;Site428;Site157;Site372;Site344;Site264;Site447]	125	yes	1.0585	1.11632e-08	0.496079
[Site149;Site184]	2	no	0.553861	2.81879	0.68465
[Site64;Site149;Site184]	3	no	0.692982	2.81879	0.593753
[Site326;Site331]	2	no	0.676682	3.12899	0.527037
[Site64;Site149;Site184;Site326;Site331]	5	no	0.823273	2.81879	0.476909
[Site86;Site201]	2	no	0.459729	2.14606	0.61884
[Site413;Site430]	2	no	0.517211	2.42161	0.573964
[Site86;Site201;Site413;Site430]	4	no	0.717487	2.14606	0.526691
[Site293;Site347]	2	no	0.500261	2.31525	0.685658
[Site249;Site293;Site347]	3	no	0.761576	2.31525	0.667786
[Site86;Site201;Site413;Site430;Site249;Site293;Site347]	7	no	0.965394	2.14606	0.477518
[Site64;Site149;Site184;Site326;Site331;Site86;Site201;Site413;Site430;Site249;Site293;Site347]	12	no	1.00328	2.14606	0.369362
[Site28;Site168;Site174;Site199;Site307;Site330;Site377;Site61;Site74;Site103;Site145;Site179;Site202;Site235;Site239;Site319;Site337;Site354;Site367;Site417;Site419;Site72;Site206;Site253;Site267;Site277;Site323;Site444;Site45;Site51;Site73;Site105;Site112;Site141;Site142;Site161;Site172;Site173;Site178;Site190;Site208;Site361;Site443;Site198;Site313;Site412;Site451;Site78;Site177;Site58;Site62;Site63;Site147;Site165;Site269;Site338;Site368;Site408;Site140;Site217;Site384;Site445;Site50;Site128;Site169;Site171;Site328;Site359;Site406;Site53;Site200;Site93;Site111;Site144;Site146;Site187;Site257;Site261;Site404;Site415;Site92;Site139;Site382;Site409;Site94;Site150;Site188;Site233;Site290;Site357;Site386;Site431;Site176;Site71;Site90;Site123;Site162;Site193;Site237;Site300;Site304;Site346;Site312;Site318;Site324;Site332;Site334;Site355;Site363;Site395;Site399;Site403;Site405;Site420;Site42;Site106;Site315;Site378;Site426;Site428;Site157;Site372;Site344;Site264;Site447;Site64;Site149;Site184;Site326;Site331;Site86;Site201;Site413;Site430;Site249;Site293;Site347]	137	yes	1.09891	1.11632e-08	0.30405
[Site30;Site119]	2	no	0.506832	1.7306	0.759597
[Site30;Site119;Site281]	3	no	0.750578	1.7306	0.74255
[Site183;Site376]	2	no	0.300677	1.41222	0.82394
[Site183;Site376;Site329]	3	no	0.606266	1.41222	0.807267
[Site30;Site119;Site281;Site183;Site376;Site329]	6	no	0.91219	1.41222	0.718644
[Site236;Site375]	2	no	1.43394e-08	0.999784	0.849902
[Site87;Site236;Site375]	3	no	0.296083	0.999784	0.831084
[Site115;Site156]	2	no	0.664553	2.98114	0.649367
[Site87;Site236;Site375;Site115;Site156]	5	no	0.712505	0.999784	0.676904
[Site30;Site119;Site281;Site183;Site376;Site329;Site87;Site236;Site375;Site115;Site156]	11	no	1.04243	0.999784	0.625196
[Site189;Site362]	2	no	0.630626	2.22679	0.852391
[Site274;Site381]	2	no	0.48713	2.93594	0.628203
[Site189;Site362;Site274;Site381]	4	no	0.755278	2.22679	0.667146
[Site30;Site119;Site281;Site183;Site376;Site329;Site87;Site236;Site375;Site115;Site156;Site189;Site362;Site274;Site381]	15	no	1.06945	0.999784	0.527048
[Site28;Site168;Site174;Site199;Site307;Site330;Site377;Site61;Site74;Site103;Site145;Site179;Site202;Site235;Site239;Site319;Site337;Site354;Site367;Site417;Site419;Site72;Site206;Site253;Site267;Site277;Site323;Site444;Site45;Site51;Site73;Site105;Site112;Site141;Site142;Site161;Site172;Site173;Site178;Site190;Site208;Site361;Site443;Site198;Site313;Site412;Site451;Site78;Site177;Site58;Site62;Site63;Site147;Site165;Site269;Site338;Site368;Site408;Site140;Site217;Site384;Site445;Site50;Site128;Site169;Site171;Site328;Site359;Site406;Site53;Site200;Site93;Site111;Site144;Site146;Site187;Site257;Site261;Site404;Site415;Site92;Site139;Site382;Site409;Site94;Site150;Site188;Site233;Site290;Site357;Site386;Site431;Site176;Site71;Site90;Site123;Site162;Site193;Site237;Site300;Site304;Site346;Site312;Site318;Site324;Site332;Site334;Site355;Site363;Site395;Site399;Site403;Site405;Site420;Site42;Site106;Site315;Site378;Site426;Site428;Site157;Site372;Site344;Site264;Site447;Site64;Site149;Site184;Site326;Site331;Site86;Site201;Site413;Site430;Site249;Site293;Site347;Site30;Site119;Site281;Site183;Site376;Site329;Site87;Site236;Site375;Site115;Site156;Site189;Site362;Site274;Site381]	152	yes	1.12374	1.11632e-08	0.276377
[Site23;Site36;Site254;Site272;Site47;Site396;Site240;Site433;Site398;Site450;Site416;Site195;Site276;Site392;Site401;Site79;Site352;Site109;Site110;Site116;Site28;Site168;Site174;Site199;Site307;Site330;Site377;Site61;Site74;Site103;Site145;Site179;Site202;Site235;Site239;Site319;Site337;Site354;Site367;Site417;Site419;Site72;Site206;Site253;Site267;Site277;Site323;Site444;Site45;Site51;Site73;Site105;Site112;Site141;Site142;Site161;Site172;Site173;Site178;Site190;Site208;Site361;Site443;Site198;Site313;Site412;Site451;Site78;Site177;Site58;Site62;Site63;Site147;Site165;Site269;Site338;Site368;Site408;Site140;Site217;Site384;Site445;Site50;Site128;Site169;Site171;Site328;Site359;Site406;Site53;Site200;Site93;Site111;Site144;Site146;Site187;Site257;Site261;Site404;Site415;Site92;Site139;Site382;Site409;Site94;Site150;Site188;Site233;Site290;Site357;Site386;Site431;Site176;Site71;Site90;Site123;Site162;Site193;Site237;Site300;Site304;Site346;Site312;Site318;Site324;Site332;Site334;Site355;Site363;Site395;Site399;Site403;Site405;Site420;Site42;Site106;Site315;Site378;Site426;Site428;Site157;Site372;Site344;Site264;Site447;Site64;Site149;Site184;Site326;Site331;Site86;Site201;Site413;Site430;Site249;Site293;Site347;Site30;Site119;Site281;Site183;Site376;Site329;Site87;Site236;Site375;Site115;Site156;Site189;Site362;Site274;Site381]	172	yes	1.1536	1.11632e-08	0.240475
[Site37;Site291]	2	no	0.39423	1.41258	0.631237
[Site37;Site291;Site306]	3	no	0.570496	1.41258	0.606987
[Site66;Site282]	2	no	0.641253	3.4367	0.528229
[Site117;Site380]	2	no	0.473176	3.32004	0.440671
[Site117;Site380;Site360]	3	no	0.595805	3.32004	0.406926
[Site66;Site282;Site117;Site380;Site360]	5	no	0.732858	3.32004	0.37888
[Site37;Site291;Site306;Site66;Site282;Site117;Site380;Site360]	8	no	0.902857	1.41258	0.347771
[Site247;Site305]	2	no	0.585016	1.47559	0.876276
[Site296;Site317]	2	no	0.630929	3.32691	0.579812
[Site247;Site305;Site296;Site317]	4	no	0.863962	1.47559	0.622103
[Site37;Site291;Site306;Site66;Site282;Site117;Site380;Site360;Site247;Site305;Site296;Site317]	12	no	1.0445	1.41258	0.335604
[Site97;Site280]	2	no	0.2952	0.99984	0.863965
[Site38;Site97;Site280]	3	no	0.604209	0.99984	0.847195
[Site65;Site121]	2	no	0.338575	1.99739	0.560156
[Site181;Site432]	2	no	0.598471	2.60578	0.533743
[Site65;Site121;Site181;Site432]	4	no	0.697242	1.99739	0.475441
[Site38;Site97;Site280;Site65;Site121;Site181;Site432]	7	no	0.815635	0.99984	0.538706
[Site196;Site339]	2	no	0.583336	3.09403	0.385521
[Site196;Site339;Site232]	3	no	0.630506	2.91925	0.398981
[Site196;Site339;Site232;Site287]	4	no	0.756299	2.91925	0.358575
[Site230;Site298]	2	no	0.690611	4.20965	0.539445
[Site196;Site339;Site232;Site287;Site230;Site298]	6	no	0.839327	2.91925	0.325052
[Site38;Site97;Site280;Site65;Site121;Site181;Site432;Site196;Site339;Site232;Site287;Site230;Site298]	13	no	0.934566	0.99984	0.329143
[Site46;Site410]	2	no	0.296641	0.998892	0.652659
[Site40;Site46;Site410]	3	no	0.507066	0.998892	0.632147
[Site40;Site46;Site410;Site383]	4	no	0.727378	0.998892	0.538414
[Site250;Site356]	2	no	0.467325	2.88532	0.541267
[Site250;Site356;Site353]	3	no	0.613063	2.88532	0.461435
[Site40;Site46;Site410;Site383;Site250;Site356;Site353]	7	no	0.761578	0.998892	0.416542
[Site54;Site448]	2	no	3.89198e-11	0.999958	0.439606
[Site132;Site394]	2	no	5.13918e-11	0.999972	0.439603
[Site54;Site448;Site132;Site394]	4	no	3.74709e-10	0.999958	0.439605
[Site407;Site429]	2	no	1.08419e-09	0.999904	0.439611
[Site54;Site448;Site132;Site394;Site407;Site429]	6	no	4.81255e-09	0.999904	0.439607
[Site54;Site448;Site132;Site394;Site407;Site429;Site55]	7	no	0.286842	0.999904	0.45166
[Site54;Site448;Site132;Site394;Site407;Site429;Site55;Site397]	8	no	0.502951	0.999904	0.446418
[Site258;Site358]	2	no	0.336222	1.71167	0.606694
[Site54;Site448;Site132;Site394;Site407;Site429;Site55;Site397;Site258;Site358]	10	no	0.604946	0.999904	0.44682
[Site138;Site268]	2	no	0.352654	1.72725	0.613429
[Site138;Site268;Site219]	3	no	0.497292	1.72725	0.582429
[Site54;Site448;Site132;Site394;Site407;Site429;Site55;Site397;Site258;Site358;Site138;Site268;Site219]	13	no	0.75636	0.999904	0.432216
[Site56;Site229]	2	no	0.516647	3.69537	0.479975
[Site336;Site389]	2	no	0.187756	1.41384	0.535485
[Site320;Site336;Site389]	3	no	0.586376	1.41384	0.542431
[Site56;Site229;Site320;Site336;Site389]	5	no	0.736092	1.41384	0.419185
[Site54;Site448;Site132;Site394;Site407;Site429;Site55;Site397;Site258;Site358;Site138;Site268;Site219;Site56;Site229;Site320;Site336;Site389]	18	no	0.918284	0.999904	0.341947
[Site80;Site369]	2	no	0.641431	1.98289	0.539313
[Site120;Site248]	2	no	0.435397	1.72542	0.467817
[Site286;Site289]	2	no	0.440472	1.99228	0.500722
[Site120;Site248;Site286;Site289]	4	no	0.734108	1.72542	0.413079
[Site80;Site369;Site120;Site248;Site286;Site289]	6	no	0.778637	1.72542	0.361971
[Site89;Site418]	2	no	0.433733	1.41196	0.566249
[Site89;Site418;Site228]	3	no	0.626641	1.41196	0.549289
[Site270;Site387]	2	no	0.495658	1.99744	0.56092
[Site89;Site418;Site228;Site270;Site387]	5	no	0.816614	1.41196	0.467672
[Site80;Site369;Site120;Site248;Site286;Site289;Site89;Site418;Site228;Site270;Site387]	11	no	0.954455	1.41196	0.301424
[Site54;Site448;Site132;Site394;Site407;Site429;Site55;Site397;Site258;Site358;Site138;Site268;Site219;Site56;Site229;Site320;Site336;Site389;Site80;Site369;Site120;Site248;Site286;Site289;Site89;Site418;Site228;Site270;Site387]	29	no	0.998378	0.999904	0.259384
[Site203;Site422]	2	no	0.55271	2.23563	0.46533
[Site203;Site422;Site322]	3	no	0.693341	2.23563	0.468192
[Site209;Site231]	2	no	0.668809	2.82549	0.514868
[Site227;Site351]	2	no	0.624957	3.6629	0.57952
[Site209;Site231;Site227;Site351]	4	no	0.7636	2.82549	0.469227
[Site203;Site422;Site322;Site209;Site231;Site227;Site351]	7	no	0.861769	2.23563	0.36786
[Site54;Site448;Site132;Site394;Site407;Site429;Site55;Site397;Site258;Site358;Site138;Site268;Site219;Site56;Site229;Site320;Site336;Site389;Site80;Site369;Site120;Site248;Site286;Site289;Site89;Site418;Site228;Site270;Site387;Site203;Site422;Site322;Site209;Site231;Site227;Site351]	36	no	1.03719	0.999904	0.204287
[Site40;Site46;Site410;Site383;Site250;Site356;Site353;Site54;Site448;Site132;Site394;Site407;Site429;Site55;Site397;Site258;Site358;Site138;Site268;Site219;Site56;Site229;Site320;Site336;Site389;Site80;Site369;Site120;Site248;Site286;Site289;Site89;Site418;Site228;Site270;Site387;Site203;Site422;Site322;Site209;Site231;Site227;Site351]	43	no	1.05183	0.998892	0.180949
[Site127;Site371]	2	no	0.400933	1.7315	0.536491
[Site127;Site371;Site221]	3	no	0.747631	1.7315	0.527334
[Site341;Site343]	2	no	0.550412	3.96952	0.510584
[Site127;Site371;Site221;Site341;Site343]	5	no	0.814472	1.7315	0.431914
[Site265;Site350]	2	no	0.508663	2.22485	0.617067
[Site265;Site350;Site316]	3	no	0.54587	2.22485	0.576765
[Site265;Site350;Site316;Site299]	4	no	0.768146	2.22485	0.539052
[Site127;Site371;Site221;Site341;Site343;Site265;Site350;Site316;Site299]	9	no	0.896276	1.7315	0.377238
[Site40;Site46;Site410;Site383;Site250;Site356;Site353;Site54;Site448;Site132;Site394;Site407;Site429;Site55;Site397;Site258;Site358;Site138;Site268;Site219;Site56;Site229;Site320;Site336;Site389;Site80;Site369;Site120;Site248;Site286;Site289;Site89;Site418;Site228;Site270;Site387;Site203;Site422;Site322;Site209;Site231;Site227;Site351;Site127;Site371;Site221;Site341;Site343;Site265;Site350;Site316;Site299]	52	no	1.07272	0.998892	0.152195
[Site38;Site97;Site280;Site65;Site121;Site181;Site432;Site196;Site339;Site232;Site287;Site230;Site298;Site40;Site46;Site410;Site383;Site250;Site356;Site353;Site54;Site448;Site132;Site394;Site407;Site429;Site55;Site397;Site258;Site358;Site138;Site268;Site219;Site56;Site229;Site320;Site336;Site389;Site80;Site369;Site120;Site248;Site286;Site289;Site89;Site418;Site228;Site270;Site387;Site203;Site422;Site322;Site209;Site231;Site227;Site351;Site127;Site371;Site221;Site341;Site343;Site265;Site350;Site316;Site299]	65	no	1.09434	0.998892	0.123521
[Site37;Site291;Site306;Site66;Site282;Site117;Site380;Site360;Site247;Site305;Site296;Site317;Site38;Site97;Site280;Site65;Site121;Site181;Site432;Site196;Site339;Site232;Site287;Site230;Site298;Site40;Site46;Site410;Site383;Site250;Site356;Site353;Site54;Site448;Site132;Site394;Site407;Site429;Site55;Site397;Site258;Site358;Site138;Site268;Site219;Site56;Site229;Site320;Site336;Site389;Site80;Site369;Site120;Site248;Site286;Site289;Site89;Site418;Site228;Site270;Site387;Site203;Site422;Site322;Site209;Site231;Site227;Site351;Site127;Site371;Site221;Site341;Site343;Site265;Site350;Site316;Site299]	77	no	1.12339	0.998892	0.104129
[Site23;Site36;Site254;Site272;Site47;Site396;Site240;Site433;Site398;Site450;Site416;Site195;Site276;Site392;Site401;Site79;Site352;Site109;Site110;Site116;Site28;Site168;Site174;Site199;Site307;Site330;Site377;Site61;Site74;Site103;Site145;Site179;Site202;Site235;Site239;Site319;Site337;Site354;Site367;Site417;Site419;Site72;Site206;Site253;Site267;Site277;Site323;Site444;Site45;Site51;Site73;Site105;Site112;Site141;Site142;Site161;Site172;Site173;Site178;Site190;Site208;Site361;Site443;Site198;Site313;Site412;Site451;Site78;Site177;Site58;Site62;Site63;Site147;Site165;Site269;Site338;Site368;Site408;Site140;Site217;Site384;Site445;Site50;Site128;Site169;Site171;Site328;Site359;Site406;Site53;Site200;Site93;Site111;Site144;Site146;Site187;Site257;Site261;Site404;Site415;Site92;Site139;Site382;Site409;Site94;Site150;Site188;Site233;Site290;Site357;Site386;Site431;Site176;Site71;Site90;Site123;Site162;Site193;Site237;Site300;Site304;Site346;Site312;Site318;Site324;Site332;Site334;Site355;Site363;Site395;Site399;Site403;Site405;Site420;Site42;Site106;Site315;Site378;Site426;Site428;Site157;Site372;Site344;Site264;Site447;Site64;Site149;Site184;Site326;Site331;Site86;Site201;Site413;Site430;Site249;Site293;Site347;Site30;Site119;Site281;Site183;Site376;Site329;Site87;Site236;Site375;Site115;Site156;Site189;Site362;Site274;Site381;Site37;Site291;Site306;Site66;Site282;Site117;Site380;Site360;Site247;Site305;Site296;Site317;Site38;Site97;Site280;Site65;Site121;Site181;Site432;Site196;Site339;Site232;Site287;Site230;Site298;Site40;Site46;Site410;Site383;Site250;Site356;Site353;Site54;Site448;Site132;Site394;Site407;Site429;Site55;Site397;Site258;Site358;Site138;Site268;Site219;Site56;Site229;Site320;Site336;Site389;Site80;Site369;Site120;Site248;Site286;Site289;Site89;Site418;Site228;Site270;Site387;Site203;Site422;Site322;Site209;Site231;Site227;Site351;Site127;Site371;Site221;Site341;Site343;Site265;Site350;Site316;Site299]	249	yes	1.16372	1.11632e-08	0.049402
[Site24;Site364]	2	no	0.63514	1.999	0.580004
[Site60;Site246]	2	no	0.603279	1.41331	0.883847
[Site24;Site364;Site60;Site246]	4	no	0.89207	1.41331	0.620879
[Site35;Site91]	2	no	0.505459	0.999402	0.931574
[Site99;Site292]	2	no	0.749077	2.21471	0.824637
[Site35;Site91;Site99;Site292]	4	no	0.880335	0.999402	0.837704
[Site24;Site364;Site60;Site246;Site35;Site91;Site99;Site292]	8	no	1.04956	0.999402	0.65752
[Site52;Site114]	2	no	0.470267	1.72901	0.829066
[Site44;Site52;Site114]	3	no	0.796879	1.41034	0.867101
[Site133;Site441]	2	no	0.296141	0.999973	0.882096
[Site124;Site133;Site441]	3	no	0.509727	0.999973	0.869836
[Site124;Site133;Site441;Site421]	4	no	0.605249	0.999973	0.880371
[Site44;Site52;Site114;Site124;Site133;Site441;Site421]	7	no	1.02449	0.999973	0.843975
[Site88;Site122]	2	no	1.18109e-06	0.997691	0.970457
[Site88;Site122;Site107]	3	no	0.296654	0.997691	0.930512
[Site88;Site122;Site107;Site263]	4	no	0.662326	0.997691	0.892731
[Site129;Site191]	2	no	0.489295	1.40882	0.891654
[Site88;Site122;Site107;Site263;Site129;Site191]	6	no	0.767876	0.997691	0.876457
[Site170;Site327]	2	no	0.636613	1.41854	0.879589
[Site88;Site122;Site107;Site263;Site129;Site191;Site170;Site327]	8	no	1.04342	0.997691	0.849848
[Site44;Site52;Site114;Site124;Site133;Site441;Site421;Site88;Site122;Site107;Site263;Site129;Site191;Site170;Site327]	15	no	1.05374	0.997691	0.792596
[Site24;Site364;Site60;Site246;Site35;Site91;Site99;Site292;Site44;Site52;Site114;Site124;Site133;Site441;Site421;Site88;Site122;Site107;Site263;Site129;Site191;Site170;Site327]	23	no	1.07249	0.997691	0.624781
[Site27;Site288]	2	no	0.612256	2.88627	0.55913
[Site27;Site288;Site29]	3	no	0.773638	2.22025	0.591058
[Site57;Site102]	2	no	0.535551	3.25384	0.6467
[Site186;Site205]	2	no	0.603221	2.80723	0.527614
[Site57;Site102;Site186;Site205]	4	no	0.814198	2.80723	0.501659
[Site27;Site288;Site29;Site57;Site102;Site186;Site205]	7	no	0.95985	2.22025	0.421208
[Site24;Site364;Site60;Site246;Site35;Site91;Site99;Site292;Site44;Site52;Site114;Site124;Site133;Site441;Site421;Site88;Site122;Site107;Site263;Site129;Site191;Site170;Site327;Site27;Site288;Site29;Site57;Site102;Site186;Site205]	30	no	1.085	0.997691	0.452193
[Site241;Site243]	2	no	0.610629	2.62824	0.703349
[Site251;Site402]	2	no	0.497922	1.71133	0.927747
[Site241;Site243;Site251;Site402]	4	no	0.81641	1.71133	0.741661
[Site24;Site364;Site60;Site246;Site35;Site91;Site99;Site292;Site44;Site52;Site114;Site124;Site133;Site441;Site421;Site88;Site122;Site107;Site263;Site129;Site191;Site170;Site327;Site27;Site288;Site29;Site57;Site102;Site186;Site205;Site241;Site243;Site251;Site402]	34	no	1.09264	0.997691	0.427452
[Site295;Site335]	2	no	4.04463e-07	0.99921	0.883685
[Site166;Site295;Site335]	3	no	0.296463	0.99921	0.868211
[Site31;Site166;Site295;Site335]	4	no	0.546484	0.99921	0.887496
[Site31;Site166;Site295;Site335;Site301]	5	no	0.73328	0.99921	0.883219
[Site113;Site325]	2	no	0.296336	0.998379	0.942001
[Site104;Site113;Site325]	3	no	0.663658	0.998379	0.930847
[Site262;Site348]	2	no	0.705566	2.81932	0.773142
[Site104;Site113;Site325;Site262;Site348]	5	no	0.895507	0.998379	0.805867
[Site31;Site166;Site295;Site335;Site301;Site104;Site113;Site325;Site262;Site348]	10	no	1.03826	0.998379	0.79672
[Site163;Site303]	2	no	1.17507e-08	0.999811	0.828188
[Site163;Site303;Site234]	3	no	0.382872	0.999811	0.840673
[Site163;Site303;Site234;Site220]	4	no	0.572522	0.999811	0.806319
[Site314;Site345]	2	no	0.657145	2.87412	0.629477
[Site163;Site303;Site234;Site220;Site314;Site345]	6	no	0.835199	0.999811	0.658192
[Site297;Site302]	2	no	0.522265	2.64473	0.777701
[Site163;Site303;Site234;Site220;Site314;Site345;Site297;Site302]	8	no	0.924341	0.999811	0.652593
[Site31;Site166;Site295;Site335;Site301;Site104;Site113;Site325;Site262;Site348;Site163;Site303;Site234;Site220;Site314;Site345;Site297;Site302]	18	no	1.07476	0.998379	0.633116
[Site126;Site134]	2	no	0.29648	0.998985	0.888459
[Site273;Site340]	2	no	0.386894	1.54569	0.868925
[Site126;Site134;Site273;Site340]	4	no	0.646891	0.998985	0.860041
[Site185;Site207]	2	no	0.569772	2.22739	0.848037
[Site126;Site134;Site273;Site340;Site185;Site207]	6	no	0.808623	0.998985	0.826897
[Site131;Site167]	2	no	0.477216	1.97943	0.970689
[Site423;Site440]	2	no	2.12915e-09	0.999941	0.958245
[Site256;Site423;Site440]	3	no	0.295486	0.999941	0.933984
[Site256;Site423;Site440;Site260]	4	no	0.600244	0.999941	0.929943
[Site131;Site167;Site256;Site423;Site440;Site260]	6	no	0.876237	0.999941	0.939937
[Site126;Site134;Site273;Site340;Site185;Site207;Site131;Site167;Site256;Site423;Site440;Site260]	12	no	1.06062	0.998985	0.845959
[Site31;Site166;Site295;Site335;Site301;Site104;Site113;Site325;Site262;Site348;Site163;Site303;Site234;Site220;Site314;Site345;Site297;Site302;Site126;Site134;Site273;Site340;Site185;Site207;Site131;Site167;Site256;Site423;Site440;Site260]	30	no	1.11199	0.998379	0.603615
[Site24;Site364;Site60;Site246;Site35;Site91;Site99;Site292;Site44;Site52;Site114;Site124;Site133;Site441;Site421;Site88;Site122;Site107;Site263;Site129;Site191;Site170;Site327;Site27;Site288;Site29;Site57;Site102;Site186;Site205;Site241;Site243;Site251;Site402;Site31;Site166;Site295;Site335;Site301;Site104;Site113;Site325;Site262;Site348;Site163;Site303;Site234;Site220;Site314;Site345;Site297;Site302;Site126;Site134;Site273;Site340;Site185;Site207;Site131;Site167;Site256;Site423;Site440;Site260]	64	no	1.14232	0.997691	0.352585
[Site118;Site245]	2	no	0.295567	0.999858	0.866775
[Site25;Site118;Site245]	3	no	0.509707	0.999858	0.868242
[Site25;Site118;Site245;Site182]	4	no	0.692471	0.999858	0.824194
[Site204;Site215]	2	no	0.591389	2.871	0.741669
[Site25;Site118;Site245;Site182;Site204;Site215]	6	no	0.878598	0.999858	0.733934
[Site77;Site108]	2	no	3.0405e-08	0.999665	0.869168
[Site43;Site77;Site108]	3	no	0.292148	0.999665	0.854284
[Site43;Site77;Site108;Site411]	4	no	0.600049	0.999665	0.9019
[Site385;Site424]	2	no	0.501883	1.73077	0.698661
[Site43;Site77;Site108;Site411;Site385;Site424]	6	no	0.768663	0.999665	0.785063
[Site294;Site400]	2	no	0.543177	1.99145	0.702694
[Site160;Site294;Site400]	3	no	0.754352	1.99145	0.751063
[Site43;Site77;Site108;Site411;Site385;Site424;Site160;Site294;Site400]	9	no	0.917449	0.999665	0.728744
[Site25;Site118;Site245;Site182;Site204;Site215;Site43;Site77;Site108;Site411;Site385;Site424;Site160;Site294;Site400]	15	no	1.07548	0.999665	0.627967
[Site26;Site452]	2	no	0.477048	2.21255	0.757841
[Site271;Site427]	2	no	0.493939	1.72239	0.746125
[Site26;Site452;Site271;Site427]	4	no	0.665668	1.72239	0.718092
[Site98;Site342]	2	no	0.607178	1.43168	0.767236
[Site192;Site365]	2	no	0.620684	1.98441	0.80172
[Site98;Site342;Site192;Site365]	4	no	0.849447	1.43168	0.740209
[Site26;Site452;Site271;Site427;Site98;Site342;Site192;Site365]	8	no	0.900529	1.43168	0.668836
[Site41;Site216]	2	no	0.398908	0.999936	0.959747
[Site41;Site216;Site349]	3	no	0.672644	0.999936	0.907591
[Site130;Site279]	2	no	0.523278	2.61339	0.802203
[Site41;Site216;Site349;Site130;Site279]	5	no	0.851417	0.999936	0.812054
[Site26;Site452;Site271;Site427;Site98;Site342;Site192;Site365;Site41;Site216;Site349;Site130;Site279]	13	no	1.05034	0.999936	0.656783
[Site39;Site96]	2	no	0.672849	2.20115	0.934822
[Site366;Site379]	2	no	5.30681e-07	0.998257	1.00534
[Site366;Site379;Site446]	3	no	0.297504	0.998257	0.982704
[Site39;Site96;Site366;Site379;Site446]	5	no	0.747518	0.998257	0.950165
[Site59;Site194]	2	no	0.294608	0.998691	0.917165
[Site59;Site194;Site442]	3	no	0.509072	0.998691	0.896261
[Site59;Site194;Site442;Site266]	4	no	0.665621	0.998691	0.760442
[Site125;Site449]	2	no	1.07056e-07	0.998865	1.07445
[Site125;Site449;Site388]	3	no	0.507844	0.998865	1.01999
[Site59;Site194;Site442;Site266;Site125;Site449;Site388]	7	no	1.02009	0.998691	0.83812
[Site76;Site374]	2	no	0.296798	0.999781	0.916823
[Site164;Site218]	2	no	6.64054e-14	1	1.10925
[Site275;Site333]	2	no	0.296495	0.997206	0.967032
[Site164;Site218;Site275;Site333]	4	no	1.01394	0.997206	1.04886
[Site76;Site374;Site164;Site218;Site275;Site333]	6	no	1.01984	0.997206	0.989117
[Site148;Site175]	2	no	0.509073	1.41089	0.894805
[Site148;Site175;Site414]	3	no	0.605382	1.41089	0.896832
[Site76;Site374;Site164;Site218;Site275;Site333;Site148;Site175;Site414]	9	no	1.02449	0.997206	0.924564
[Site59;Site194;Site442;Site266;Site125;Site449;Site388;Site76;Site374;Site164;Site218;Site275;Site333;Site148;Site175;Site414]	16	no	1.03309	0.997206	0.825288
[Site39;Site96;Site366;Site379;Site446;Site59;Site194;Site442;Site266;Site125;Site449;Site388;Site76;Site374;Site164;Site218;Site275;Site333;Site148;Site175;Site414]	21	no	1.04702	0.997206	0.837609
[Site48;Site244]	2	no	6.74838e-07	0.998573	0.957639
[Site48;Site244;Site370]	3	no	0.426123	0.998573	0.93544
[Site49;Site393]	2	no	0.50793	0.999729	0.902746
[Site48;Site244;Site370;Site49;Site393]	5	no	1.02011	0.998573	0.89335
[Site95;Site278]	2	no	0.295863	0.997861	0.94171
[Site70;Site95;Site278]	3	no	0.507629	0.997861	0.904887
[Site70;Site95;Site278;Site197]	4	no	0.621393	0.997861	0.876928
[Site48;Site244;Site370;Site49;Site393;Site70;Site95;Site278;Site197]	9	no	1.0356	0.997861	0.851155
[Site39;Site96;Site366;Site379;Site446;Site59;Site194;Site442;Site266;Site125;Site449;Site388;Site76;Site374;Site164;Site218;Site275;Site333;Site148;Site175;Site414;Site48;Site244;Site370;Site49;Site393;Site70;Site95;Site278;Site197]	30	no	1.0535	0.997206	0.790592
[Site26;Site452;Site271;Site427;Site98;Site342;Site192;Site365;Site41;Site216;Site349;Site130;Site279;Site39;Site96;Site366;Site379;Site446;Site59;Site194;Site442;Site266;Site125;Site449;Site388;Site76;Site374;Site164;Site218;Site275;Site333;Site148;Site175;Site414;Site48;Site244;Site370;Site49;Site393;Site70;Site95;Site278;Site197]	43	no	1.06974	0.997206	0.608109
[Site25;Site118;Site245;Site182;Site204;Site215;Site43;Site77;Site108;Site411;Site385;Site424;Site160;Site294;Site400;Site26;Site452;Site271;Site427;Site98;Site342;Site192;Site365;Site41;Site216;Site349;Site130;Site279;Site39;Site96;Site366;Site379;Site446;Site59;Site194;Site442;Site266;Site125;Site449;Site388;Site76;Site374;Site164;Site218;Site275;Site333;Site148;Site175;Site414;Site48;Site244;Site370;Site49;Site393;Site70;Site95;Site278;Site197]	58	no	1.09827	0.997206	0.488524
[Site81;Site82]	2	no	0.640199	3.31926	0.724904
[Site75;Site81;Site82]	3	no	0.754572	2.57417	0.738113
[Site137;Site180]	2	no	0.3428	1.73036	0.763691
[Site137;Site180;Site238]	3	no	0.428075	0.999951	0.777862
[Site137;Site180;Site238;Site373]	4	no	0.688542	0.999951	0.764099
[Site75;Site81;Site82;Site137;Site180;Site238;Site373]	7	no	0.913528	0.999951	0.693485
[Site143;Site242]	2	no	0.507616	0.999853	0.659417
[Site143;Site242;Site252]	3	no	0.576756	0.999853	0.578078
[Site283;Site425]	2	no	0.508139	2.83955	0.753647
[Site259;Site283;Site425]	3	no	0.60652	2.45994	0.753553
[Site285;Site321]	2	no	0.629437	2.80355	0.58445
[Site259;Site283;Site425;Site285;Site321]	5	no	0.840642	2.45994	0.621777
[Site143;Site242;Site252;Site259;Site283;Site425;Site285;Site321]	8	no	0.94878	0.999853	0.540536
[Site75;Site81;Site82;Site137;Site180;Site238;Site373;Site143;Site242;Site252;Site259;Site283;Site425;Site285;Site321]	15	no	1.07482	0.999853	0.502655
[Site25;Site118;Site245;Site182;Site204;Site215;Site43;Site77;Site108;Site411;Site385;Site424;Site160;Site294;Site400;Site26;Site452;Site271;Site427;Site98;Site342;Site192;Site365;Site41;Site216;Site349;Site130;Site279;Site39;Site96;Site366;Site379;Site446;Site59;Site194;Site442;Site266;Site125;Site449;Site388;Site76;Site374;Site164;Site218;Site275;Site333;Site148;Site175;Site414;Site48;Site244;Site370;Site49;Site393;Site70;Site95;Site278;Site197;Site75;Site81;Site82;Site137;Site180;Site238;Site373;Site143;Site242;Site252;Site259;Site283;Site425;Site285;Site321]	73	no	1.1196	0.997206	0.346057
[Site24;Site364;Site60;Site246;Site35;Site91;Site99;Site292;Site44;Site52;Site114;Site124;Site133;Site441;Site421;Site88;Site122;Site107;Site263;Site129;Site191;Site170;Site327;Site27;Site288;Site29;Site57;Site102;Site186;Site205;Site241;Site243;Site251;Site402;Site31;Site166;Site295;Site335;Site301;Site104;Site113;Site325;Site262;Site348;Site163;Site303;Site234;Site220;Site314;Site345;Site297;Site302;Site126;Site134;Site273;Site340;Site185;Site207;Site131;Site167;Site256;Site423;Site440;Site260;Site25;Site118;Site245;Site182;Site204;Site215;Site43;Site77;Site108;Site411;Site385;Site424;Site160;Site294;Site400;Site26;Site452;Site271;Site427;Site98;Site342;Site192;Site365;Site41;Site216;Site349;Site130;Site279;Site39;Site96;Site366;Site379;Site446;Site59;Site194;Site442;Site266;Site125;Site449;Site388;Site76;Site374;Site164;Site218;Site275;Site333;Site148;Site175;Site414;Site48;Site244;Site370;Site49;Site393;Site70;Site95;Site278;Site197;Site75;Site81;Site82;Site137;Site180;Site238;Site373;Site143;Site242;Site252;Site259;Site283;Site425;Site285;Site321]	137	no	1.15176	0.997206	0.228253
[Site23;Site36;Site254;Site272;Site47;Site396;Site240;Site433;Site398;Site450;Site416;Site195;Site276;Site392;Site401;Site79;Site352;Site109;Site110;Site116;Site28;Site168;Site174;Site199;Site307;Site330;Site377;Site61;Site74;Site103;Site145;Site179;Site202;Site235;Site239;Site319;Site337;Site354;Site367;Site417;Site419;Site72;Site206;Site253;Site267;Site277;Site323;Site444;Site45;Site51;Site73;Site105;Site112;Site141;Site142;Site161;Site172;Site173;Site178;Site190;Site208;Site361;Site443;Site198;Site313;Site412;Site451;Site78;Site177;Site58;Site62;Site63;Site147;Site165;Site269;Site338;Site368;Site408;Site140;Site217;Site384;Site445;Site50;Site128;Site169;Site171;Site328;Site359;Site406;Site53;Site200;Site93;Site111;Site144;Site146;Site187;Site257;Site261;Site404;Site415;Site92;Site139;Site382;Site409;Site94;Site150;Site188;Site233;Site290;Site357;Site386;Site431;Site176;Site71;Site90;Site123;Site162;Site193;Site237;Site300;Site304;Site346;Site312;Site318;Site324;Site332;Site334;Site355;Site363;Site395;Site399;Site403;Site405;Site420;Site42;Site106;Site315;Site378;Site426;Site428;Site157;Site372;Site344;Site264;Site447;Site64;Site149;Site184;Site326;Site331;Site86;Site201;Site413;Site430;Site249;Site293;Site347;Site30;Site119;Site281;Site183;Site376;Site329;Site87;Site236;Site375;Site115;Site156;Site189;Site362;Site274;Site381;Site37;Site291;Site306;Site66;Site282;Site117;Site380;Site360;Site247;Site305;Site296;Site317;Site38;Site97;Site280;Site65;Site121;Site181;Site432;Site196;Site339;Site232;Site287;Site230;Site298;Site40;Site46;Site410;Site383;Site250;Site356;Site353;Site54;Site448;Site132;Site394;Site407;Site429;Site55;Site397;Site258;Site358;Site138;Site268;Site219;Site56;Site229;Site320;Site336;Site389;Site80;Site369;Site120;Site248;Site286;Site289;Site89;Site418;Site228;Site270;Site387;Site203;Site422;Site322;Site209;Site231;Site227;Site351;Site127;Site371;Site221;Site341;Site343;Site265;Site350;Site316;Site299;Site24;Site364;Site60;Site246;Site35;Site91;Site99;Site292;Site44;Site52;Site114;Site124;Site133;Site441;Site421;Site88;Site122;Site107;Site263;Site129;Site191;Site170;Site327;Site27;Site288;Site29;Site57;Site102;Site186;Site205;Site241;Site243;Site251;Site402;Site31;Site166;Site295;Site335;Site301;Site104;Site113;Site325;Site262;Site348;Site163;Site303;Site234;Site220;Site314;Site345;Site297;Site302;Site126;Site134;Site273;Site340;Site185;Site207;Site131;Site167;Site256;Site423;Site440;Site260;Site25;Site118;Site245;Site182;Site204;Site215;Site43;Site77;Site108;Site411;Site385;Site424;Site160;Site294;Site400;Site26;Site452;Site271;Site427;Site98;Site342;Site192;Site365;Site41;Site216;Site349;Site130;Site279;Site39;Site96;Site366;Site379;Site446;Site59;Site194;Site442;Site266;Site125;Site449;Site388;Site76;Site374;Site164;Site218;Site275;Site333;Site148;Site175;Site414;Site48;Site244;Site370;Site49;Site393;Site70;Site95;Site278;Site197;Site75;Site81;Site82;Site137;Site180;Site238;Site373;Site143;Site242;Site252;Site259;Site283;Site425;Site285;Site321]	386	yes	1.19411	1.11632e-08	4.09883e-16
